pool_default,Mx470a6aa7110e799cf3978930fef25569d162babc,0,240.3238474935,1200
pool_default,Mxc464af1fa8d885cb07c697f1f8254d72c76ad881,0,232.39375,1100
other,Mxfdbab614d8603cc95f259a3ab2f8a9608a170440,0,0,1100
other,Mx2cbbf0b2c4ca534dfeaeb32afead423fc9818ca3,393.7942736,98.4485684,1100
pool_default,Mx8685345cdcbf6ba2544a5475413786dc499f1cd2,0,0,1100
pool_default,Mxe548ae76175bec07bca65010da7c7999db585cd2,0,0,100
other,Mx760dead35011d3f864f42f214c35fcb6232b4140,0,0,1200
other,Mx5a83f24b5a7d0c6717925a415bd8390eedb1df3b,3000163.7894,3750199.2519,6100
other,Mx5a786df3a16008d909902e83d2dbb65e46555cdc,0,0,6100
other,Mxc69c0bddf348be0f36ce696c215140eb906a1399,0,0,1100
other,Mx900049ffa6d0aed0ef4aa24524b9cb472b9ed71c,0,0,1100
other,Mx3d4621882561db7b89f59283fcffc21a10c44e30,0,0,1100
pool_default,Mx8685345cdcbf6ba2544a5475413786dc499f1cd2,0,0,5000
pool_default,Mxd6f53a37aa57acae181abe01f24c8c20c394045c,0,0,6100
other,Mx8685345cdcbf6ba2544a5475413786dc499f1cd2,0,0,1100
other,Mx3869fc4242024ed4fe195438d7f25ece16166eb5,0,0,6100
pool_default,Mxefea359f508fff775a7817685a93ff7718ac601e,0,2000,1100
other,Mx0a34ef98b85cdbc2376bebf9d0b55bf1345c8273,0,0,1100
pool_default,Mx8685345cdcbf6ba2544a5475413786dc499f1cd2,0,3003.0940017122,1100
other,Mx4a3878b50723af452a379fe0bdf78ec9f18f5cf9,0,0,1100
pool_default,Mx856af7dc2ad6d4166938ef8624eb7ee0e9584d0f,0,1347.4832,1100
pool_default,Mx5091ff832a05f66c5212e90a0ef39896369e262f,0,2713.726475,1400
other,Mxf48925a80368e43d263cac5e8031cca9b4afbfcb,0,0,1100
other,Mx59285e68f2a1840d52261b4a6d3a22636f70053a,0,0,1100
pool_default,Mxdfaab6a97b2079fce7ad61da578d0f8920c5c27c,0,8.545,1100
other,Mx41337ceed774dd37598813125f58716681448ac4,0,0,1100
other,Mx9cf8da66dd55313d5222b52a719a53de008869af,0,0,1100
other,Mx20b437278a510752cd9f339649d8aee4af039ed6,0,0,100
pool_default,Mx7bf137857465acbff5384265288542481766e5da,0,273.1935,1100
other,Mx9051ce94e9cd62f11af791f4b12258b7f58e1919,0,0,1100
pool_default,Mx1c4264a4310d4616dc6863be60cc4c8a2a5e7c63,0,1250,6100
other,Mx88331a14c350dd6f61635b66d83194948b2dd2f8,1574.88,314.976,1100
other,Mx66f83558fed522197c982a178bf12a2719afda08,2090.605,522.65125,1100
other,Mx137a9c06a828ac15701859df94a1ca03e20609eb,0,0,1100
other,Mxdf97790dd25ffb3c8b6a6689a8c0d72b5a8dcc9d,0,0,1100
pool_default,Mxdf97790dd25ffb3c8b6a6689a8c0d72b5a8dcc9d,0,25.876,0
other,Mx994a96a15be6308a1f5d1c2bf445692608c8728c,0,0,1100
other,Mxd5b6e4ed2f67406b360028227deb21dade626d1c,0,0,1200
other,Mx93399af0cfa1345a0a5dbb6d35bc7128e22e9241,0,0,1100
other,Mxb14c6f02446d2da53742f278fc018f9cc053393d,35.353,8.83825,6100
other,Mx86d7122f64d26241f5f5b2fcfab851384fa1a51c,0,0,5000
pool_default,Mx66989ca32813a0ceef34a97bb885a0247393338c,0,0,1100
other,Mx37441e6c88ea3e8f092bbff4b5d18967f855f8ab,0,0,1100
other,Mxa355e043193c56af8c22fd33627c3eb81e2809d5,6728.4,1762.8612,6200
other,Mx00df87b32f7ecdb2d9335351c6c72bc536705c80,0,0,1100
other,Mxca72e2ce6ab954aa218aa43ccd2b0bf0d68a214c,0,0,1100
other,Mx1db5c5c30c8b1decfb05d54bfa85872e2950dfb1,0,0,1100
other,Mx36658a4923020d59400e9cc8a94c11ab47d9a37c,0,0,1100
other,Mxe24279fdc31f6765b239ce72a4d01093a75c6d7e,0,0,6100
pool_default,Mxbc099537c51b31cb57f0e951ceb7b8384d16d831,0,0,6100
other,Mx5c34cb3c563b4b093fff6ff09bcedef0b50415b2,0,0,1100
other,Mxbb0015dc6a0b0185f09590b4b742be82649e0308,0,0,1100
other,Mx1ac6698270bed978fba4c5fa136d4072ee2608aa,4608.542,921.7084,1100
other,Mx89f176ebaba4c2eb47a45315bb8883f0d36849ed,0,0,1100
other,Mx4ea92388d09d332ab265d8cb36b5176b643cb3f3,0,0,6100
other,Mxda9e6511c2c97ea8892e4a5aec62f59cdaddee29,0,0,1100
other,Mxf07dc703fae3608abf29719d052a1b527b1dd9f8,1000000,1250000,6200
pool_default,Mx019b7228eb6dd8db7d6aed0cec5e228671c08fb2,0,1104.2655,0
other,Mx019b7228eb6dd8db7d6aed0cec5e228671c08fb2,0,0,1100
pool_default,Mx89a1d64062d8b6785705176b19dca6a48558e187,0,154.71896,1100
other,Mx85bc6c2ae86ecc3febc3c43f6a9227da3eaed5e6,0,0,1100
other,Mx9f012ea4f5c928ff81bafd6b92d07469852478a6,0,0,1100
pool_default,Mxa750555f4626eef9f898b85c72ad06aeed365205,0,555.600175,0
other,Mxe98cade698b062f1469f7cd4ee8780f0f4d6922d,0,0,1100
pool_default,Mx794472c4e822317dd6ad2cce948477cbd601cac3,0,233.6695590464,1100
pool_default,Mx019b7228eb6dd8db7d6aed0cec5e228671c08fb2,0,1333.074,0
pool_default,Mx019b7228eb6dd8db7d6aed0cec5e228671c08fb2,0,954.69,0
pool_default,Mx61973b4a728c78171eeec61e236f36efccefad73,0,43.285,1100
pool_default,Mxdde181cc596bf77f2b103ad51739376fb2dce983,0,76279.996966278,0
other,Mx2aac0e521ba22c67ed17772f2227dbe7a9cf1d5e,500,0,100
other,Mx7f232edb3e01e8445e6bd9b2584298d293ca0dd0,5345.418,1336.3545,6100
other,Mx85df7ab9db254d2b1b6214010e27b65efe9f4a6c,0,0,100
other,Mx877da131c60ef9a44cede5cf74b6f4afd99e40f6,0,0,1100
other,Mx88ffddc2cb6f196138b74be38913e1a86098c196,0,0,1100
other,Mx15e9182ad27af61da7d7dfb7de5efb681d3be774,0,0,100
other,Mxc8cc39906417676319132791664aedf1ff65922a,0,0,1100
pool_default,Mx05cf3036cf0a5b592523facb36372689c2551928,0,46.0552768424,1100
other,Mx54774d26dcd04f1ddd47342e661b2f6720d345ce,0,0,1100
other,Mx1c7568a2b5de8fcce0b01f744bdd15900c1f1498,0,0,1100
pool_default,Mx8d1966f2c5339b0f3841558860721735e83db8c2,0,200.3662145504,1100
pool_default,Mxa750555f4626eef9f898b85c72ad06aeed365205,0,45.48315935975,1100
other,Mx4672d768eabb11c1fd048a7d2ab69645e7da48e3,0,0,1100
other,Mxcace9207296479aea92a914784aaa5577042f6ab,0,0,1100
pool_default,Mxbfe5b2081daaf88074171b4823ddf99c4b6cf31e,0,694.48415433,0
other,Mxb566a52500ef7be0c70e2f839542f8a268dd62fb,0,0,1100
other,Mxf0294d1f36bec1bf830366b2f9ecd44cbdae67d3,0,0,1100
other,Mxd2178dd9eb37d659ea053d9ee430c736bf166255,0,0,1100
pool_default,Mxa380476da425bab0504a77d6d428924dc02a022d,0,281.4333342976,1100
other,Mxf0794af8dccb8728c9e21ffef9ea249c26296c6f,0,0,1100
pool_default,Mx59ea586c0f91b728939f88d5a0e1c870483ed91f,0,4.23975,6100
other,Mx3fae25ee3a8bc39ebfbe146200bd23d958c0efa9,0,0,1100
pool_default,Mx4bab8542fb0de95863701d61883466707fc703f0,0,18797.7115,1100
other,Mx33024e7eb261861e7f3d735ddf17027ceee1176e,0,0,100
other,Mxf350e6d06e9a261305837f59ac247a5c7309cd4a,0,0,1100
other,Mxa06786694353dc0c676535f7141c76359c225123,0,0,100
other,Mxd9b8f363d8e1891a6e950e5acedef506ca68dc12,0,0,1100
other,Mxb2e1ac1ca6856061354a482097aeebf256f0ff34,0,0,1100
other,Mx69b98b93cea776b8b853d722ee7dddb3dc92de62,0,0,1100
other,Mx4c02139c525e06a82ee2604501d9444017939b5f,0,0,1100
other,Mx0044a3e467e24ee5efd8e804d9ad1c068e86a30c,1999.999998828,499.999999707,6100
other,Mx77243de619495aa20871e3de681b1b3f17e01d78,0,0,1100
other,Mx195e5d80bfd754df8b3548a949deeaf5b6dd496c,2100,0,1100
other,Mx36522a1036f201036a512f85761ac52446dcd76f,0,0,1100
other,Mxb307f919a0c5b953bba743468a8e36d915d47f66,0,0,1100
pool_default,Mx2743fc5b5da978630f6e7a7cfb22b4aa4b896cb5,0,829.51691463,1300
other,Mx6a5d6b687c9c88de20b367f61a57159bf9205693,0,0,1100
other,Mxb9782ea03987a607e05a3860c19b29f87e369a11,0,0,1100
other,Mxa57a8b1d7164bc26caa5cb64ed782c3173ab0707,0,0,6200
pool_admin,Mx5d7621d967893be139533ce1bf9fa4ee8c26e2b0,9905675.146436121752800088,2909305.51144361,29600
other,Mx490db8c5e8acd08a5eaac9b0d669bdec2bc49d4b,226,45.2,1100
other,Mx981dfb5d0c7f3f4731b6c90b22c1d53f6fc2231b,0,0,1100
other,Mx51890c1686bb5ac81760b456a8ebf81d8c96f4ee,0,0,1100
other,Mx396ffd91f5f29484cf5c7d740bcf855ecab9c543,0,0,1100
pool_default,Mx815042caf1e63bf99c677980de9d3a3b0d04dddd,0,27216.35376,6200
other,Mx1bddc549d3dc2903372b8d913d0ea1344c6231fa,0,0,1100
pool_default,Mxeecd7cb1ea7b76bf6f2d5432ab9866ae2868166f,0,0,1100
pool_default,Mxbaa38dcd9fdf35ca44c31c55d9436f88b5cdb57d,0,0,6200
pool_default,Mx2657a7a4468ad10ca7ef3dff14b9a1545d67906a,0,821.65,1100
other,Mx088ab3f94461d5d1934b5bd6f734e7cbd9b8cf85,0,0,1100
other,Mx216dcdcbd896f88ceec4a4ef1149fb45df645bc1,0,0,1100
pool_default,Mx84fa2f92ae7ed9ddc50beb42d7816ea4fc42820a,0,3954.443161916,0
pool_default,Mxb19523912d447fe9eb17b412a1bf65421095e78f,0,0,1100
other,Mxf4e7e7522584a1fa24430df5b6e4593133f47957,0,0,1100
other,Mxe2c122a938d9f398bbfeac26fb975d18d3d55d44,0,0,1100
other,Mx8377c8a531fa62372b9b22af4ff327ee675def49,1000,200,1100
pool_default,Mx84fa2f92ae7ed9ddc50beb42d7816ea4fc42820a,0,7212.902,0
other,Mx75e85a040074c05375463d45fb3e1bc3387e32bd,0,0,1100
other,Mx3c821dd80ce36e82fd03cae6272166d28974e4d5,165.655435736,41.413858934,1100
pool_default,Mx5184ccdc777ff8a363dac36adee59cb0078bd647,0,0,1100
pool_default,Mxfe10e3c6680f0fe6e7e2c8d6b7424dcd61a0f6e7,0,0,1100
other,Mxff2d03eb249b9283260338a8d405ed57975441f3,0,0,1100
other,Mx85e0fa74ec9de962b7e9f05356fe5a6badf54510,0,0,6200
other,Mx9d34839ca7e320619e92ed050eab802b72cc834d,1000,100,100
pool_default,Mx84fa2f92ae7ed9ddc50beb42d7816ea4fc42820a,0,6716.482,1100
other,Mxee1e8431fd5460cbce2dbaf08bf37396aa3f7ad5,0,0,1200
other,Mx0e9afe6a93c4139917c22bab6844aa5b00a34c5e,0,0,1100
pool_default,Mx9c790209c2f72f915cc6f57aa2c1a3fc59bfe08d,0,111.170014,0
pool_default,Mx8bbbfdbf3d542f8076c8ce11d8e8d29472813bdf,0,55,1100
other,Mx9755550105c44adf122f00ce0238e35be7c14dd4,0,0,1100
other,Mx9ba7eacf082618f607bc5cf686153c22567b065d,0,0,1100
other,Mx93ee1ea2ee88bd509b5d707f5deed7b50bd55c62,0,0,1100
pool_default,Mxf9bb222433cfc2c1c17d402c936547fd573f9787,0,0,6100
pool_default,Mx058fd467edc2ee20f3d6353f1ce457b67706e79f,0,751.2117,0
other,Mx362f1986c013ec6d4c7cb04485276037c9e6bd0e,0,0,1100
other,Mx526c1af5d608e1c2e35a5d172e2747698adab68a,0,0,5000
other,Mxea1be94e92bd9625f4ec04223415f89be210a50d,0,0,1200
other,Mxd37a54e959b8a4ae3fcc2256ed4c0d87578ef3bc,3649.371,912.34275,1100
other,Mx5d88ce152bd06dada2636261a0afed275b63d19f,3120.8,624.16,1200
other,Mx854193e8e8dfdcc0105142e04d3d1191665967d8,0,0,6100
other,Mx365250e0520d781566b78cda3b2bc54cda4137e3,0,0,1100
other,Mxbd3560e563337b59d036cbd241f73ec5cbc5b850,0,0,1100
other,Mx5a74d21983a9b8300b24c9f146627038025c8fc8,0,0,1100
pool_default,Mxaf42c54e0ad88a32dab65ae83e144fb1effcab77,0,752.80084959716,1100
other,Mx63cbafc98e3c776b340baf3b2b2da278806c5732,0,0,6100
pool_default,Mx9c790209c2f72f915cc6f57aa2c1a3fc59bfe08d,0,113.2,1100
other,Mx2d02482f514b3db901907e024cf2e32c98701d42,0,0,1100
pool_default,Mx5cc2762e1f333e6a07d2cd271dc1677a56a09d9b,0,589.968,6100
other,Mx9f58cee7bdd157b381f8c518d1b14cb96fd77bb3,0,0,1100
other,Mx5bdccf5e163bc504457ad99a09373f3f2200aa30,0,0,1100
other,Mx9a7435e542f22a3231ed6b5be965f46e21d11b5c,3660,915,1100
other,Mx83bca5dfb67c7724155056626107ddb28d8c85f2,0,0,1100
pool_default,Mx0275b8f378bb6ae3ad380ec2bfbbbf2f610c1475,0,0,1100
pool_default,Mx3a9193f66cd50eb1e56bb4582b5c63ff66511e62,0,45.415,0
other,Mx660d1fd660b0e613eb91941fb0a0af0502bcbcbe,0,0,6100
pool_default,Mx3a9193f66cd50eb1e56bb4582b5c63ff66511e62,0,0,1100
other,Mx12f229254bd8c89e4a5e2c89300e7e0c19791500,0,0,1100
pool_default,Mxcea8721b982c5d48981355abe410a73d08e35480,0,0,5000
other,Mxc232e34c176b102782b849f353e169f91201603f,1462.311,292.4622,1200
pool_default,Mx8da0c60d83794e669afdb88da544076b83dafa4a,0,0,1100
other,Mxc4e76e65245a897710190a25f7650ee875b1515d,0,0,1100
other,Mx0c7a3ec2fe5129fd62c2f32fd9ef592b876bcd71,0,0,6100
other,Mx92c22bda6b366d636ce4f65067445ebb203e5e0e,0,0,100
other,Mxea7c91800cd9ba36710b484ba1dad8584e462606,0,0,1100
pool_default,Mx6f6134715387c5a68af823e78c346208c096cc3a,0,924.6046,6100
other,Mx7e40a1198d76c516d8e8cdd0bb781e2ac3c07b5a,0,0,6100
pool_default,Mxd0145807a5ffb4de4b23e15dc2c9af3ca7af6a82,0,17.70437024975,1100
pool_default,Mxe29f37a381ccbda5e55c833560c6187babe1433a,0,2200,1100
other,Mx76b3109b012038b210fd44ab423978c5d5894e58,622.359797025946028502,155.58994925649,0
other,Mxfd20919706cd33254744763fc057f4344aa34418,205,51.25,1100
other,Mx206176bb8b6cc2b9ad629ba9bcad6d315fb39deb,251,50.2,1200
pool_default,Mxca65748f7e050b00f691519926be1ddfa68e6546,0,0,1100
pool_default,Mx526c1af5d608e1c2e35a5d172e2747698adab68a,0,999.54985,6300
pool_default,Mx351069a1fe2aa649b05b15daec1fb4d4088b5bc5,0,125000,6100
pool_default,Mxae9d7c6252c26fe5eb42671fa299665c144500a6,0,0,6100
other,Mxec27c88028f9be3b59a7abc359ae22fcd019114c,0,0,1100
pool_default,Mxbd9071f3f78a12f23db6e2d6cef2a773f9ba36b7,0,0,6100
other,Mx92398535f171724aad385ff22fbfdb1aeef16655,0,0,1100
other,Mxc6cf68995674786841bf5679d40d93d9630d09ef,0,0,1100
pool_default,Mx125d7c86353fe92315b36b095d3d7e83bd1a97f2,0,235.709417031,1200
pool_default,Mx0dd27b79a5b0361d85895fed639bf8177160b554,0,20095.5698,6100
other,Mxa2729e0a0181553c8306ab210c324fd4625f5a4f,300,75,1100
pool_default,Mxa956dae89ec98e8066ec6a35ca46eac69c0213fb,0,0,6100
other,Mxa4bdd984905a431e624877a43ccfdcff28e414ca,0,0,6100
pool_default,Mxf9a81f7ee23cec6a79108e155f74f2c9fc6259c7,0,0,6300
pool_default,Mxc6cf68995674786841bf5679d40d93d9630d09ef,0,2624.770573945,0
other,Mx1de08381712d0253ee906e8e8b8860b93444873b,0,0,1100
other,Mx975eae477eb7ba451847a1c321f57af668d913c4,1000,250,1100
other,Mx246172b9c91aa536f90fda1a31dbd3482b828883,0,0,6100
other,Mx278edbff7ffb2addafff812f5065ee7302dbd450,0,0,1100
other,Mx38a0e8a77165428ca80cc55e2c2dabe4d8eee211,0,0,6100
other,Mxd150899a3af32179caafe2f1cf802a95d01e21c3,0,0,1100
other,Mx627663a6eb95a2df09bb14085ac0f794df3da9b3,0,0,1100
pool_default,Mx67eaed122b95a1112d98df680f7b59f2b1a75cbb,0,0,6100
pool_default,Mxa956dae89ec98e8066ec6a35ca46eac69c0213fb,0,11882.07275,0
other,Mx04f9b8c0e4f19411a5bdb7c396d508baef6afdd0,2859.21,714.8025,1100
pool_default,Mxb4576b0db60150322fadb5ebd7cdec73dbc75bfa,0,0,6100
pool_default,Mx6eae39d624af9e6f10c78e8dc82befb8cc4fa9b2,0,0,1500
pool_default,Mx79ff88c84b260284f488f46da25863ac49295f38,0,2500,1100
other,Mx310cfe5d3b060bf470bd32a36d03d166c4a699c5,0,0,6100
other,Mxd5b42337fd389eec662626fb375799b5400fa67c,0,0,1100
other,Mx042f2030da65c549d5bcaee796cda995c9e59c95,0,0,1100
other,Mx9d71ba48906f1cbf66f6c5def21cb5b54622f31c,0,0,1100
other,Mx13923431c1d415efbe6407281ed63de7e96c2329,0,0,1100
other,Mx3092384fbcdd9de9de46d8ef187127b70cae92b0,5557.065,1111.413,1100
other,Mx0f3794bdc6a424676db8f2cc62c6be0ff04f48b3,342878.12,83812.2128,1200
pool_default,Mx4f42f20ba12f341e9248bba41553ee0bd75c7542,0,0,1100
other,Mxe417f96e729d6ba9dde0e416d362680e0020656a,0,0,1100
other,Mxfaf52fe2d23c7f6b809a4e7d33a830a441221b61,0,0,1100
other,Mx73c3c8cb0be4451930b699204eb0041d1cbc3318,769.05,192.2625,1100
other,Mx655b5cd15dc192ed3e6f377cec84777d896c39c6,0,0,1100
other,Mx23224d0d61a57cd93a9c38ed4e5e4848f4e56f96,100.753,25.18825,1100
other,Mxf11584e61dcec9effb8fc8e4e81ebad1f4415a80,0,0,1100
other,Mxdc3bc5189d4df3ecbf643f901f186dc5e0d82d51,0,0,1100
pool_default,Mx04f36748951de5df67bf405072c0d75ba84a8a92,0,0,1200
pool_default,Mx4c0a606f8cfb0f735d26185bab8390c59589b9dc,0,327.67652795,6100
other,Mx533e53ae2473ae32a2e954c1c65c988582da2c77,0,0,100
pool_default,Mx547fed40deeb9006f6fdad4623df7bac195501ec,2431.6,486.32,1100
pool_default,Mx42808f39e86341165500dc3abb474ec10e5d7673,0,62.58984516075,0
pool_default,Mx45f6761e0563646f750fc9f1fa40d783b1ae8973,0,0,5000
pool_default,Mx38a0e8a77165428ca80cc55e2c2dabe4d8eee211,0,297.5185,0
other,Mx42808f39e86341165500dc3abb474ec10e5d7673,0,0,1100
other,Mxac4d498946cab5b8fb0acac3a2cb24b8b918b171,0,0,1100
other,Mx889ed92496c5526d52296e3bc2afefcb0ef85bd5,196,49,1100
other,Mx81ccf4e4d8c2191696906634ff4741b2961cc505,348.70038,87.175095,1100
other,Mx843f72bc951fd423321357093593d81a00e141ff,3998.0343,999.508575,6100
other,Mx8610961aa841800584e56fddac271a02cdc8d254,0,0,6100
pool_default,Mx03f2c043304d7984da1684e64a3f110964eba34b,0,0,1100
other,Mxd9bc7fd323626172bb49326388d8305abb45c963,0,0,1100
pool_default,Mx42808f39e86341165500dc3abb474ec10e5d7673,0,0,6100
other,Mxdbcbf80b3a6c79e30e3d34a39d72e6bd2896af8d,0,0,1100
other,Mx9d8af694c6bd4a6a6710eec0e539328f0f51a167,668.433,167.10825,6100
other,Mxfd866a5873516073350cc2d3882de41c39fb7354,0,0,1100
pool_default,Mxc038e137bbeb18589540104b016a70c1695be3ac,0,477.9371657475,1200
other,Mx5879e48b23be35c2b38aa117d2fb6469d3597b79,0,0,6100
other,Mxf7fc9f6c6dace5f845dbf852cf511c399151f868,0,0,1100
other,Mxdef4a2bdb7d209f26f2586d5d897881e6a104c85,8360.941958,1672.1883916,1100
pool_default,Mx3478e6daf3bf4cf581214179055004233af1a78b,0,589.7325,1100
other,Mx7e9097960d8c111a13d182fc487ef8d3dc36af93,0,0,1100
other,Mx5a046b681b15fd9e0d49b4c16d1cbd4916467924,3132.8,783.2,1100
pool_default,Mx9894cba0ce1decf5e1b2ad3e09bf8467058de0d1,0,44.5155737302,1100
other,Mx7fe2a3d8495f132e74328049cbedbc44eaea3274,0,0,1100
other,Mxcc441c7bf73374053506ac5c0b45dbbf690357d4,0,0,100
other,Mx2a23081198f86abe0390a96dc931fe08942cb5b4,0,0,1100
other,Mx74468aa212719127cd152311e8379def4a11c98c,446.929195328,111.732298832,1200
other,Mx79b0ce2dac3379026c96bbf79391b405b1da9ae8,0,0,6100
other,Mx575815a10592a3c98949ea14dfab234bb146d34e,0,0,1100
pool_default,Mx11d0299cb0801b539575c53277a19094abb2ce89,0,0,1200
other,Mx660eda6ac71a90a14d1a6b70bee1bfd392ab0456,0,0,1100
pool_default,Mx37b001e37b5009a576ac5e8c5c94e26ffa85dc5f,0,0,6100
pool_default,Mx26680df0de9a4b8223084f398506e654757d62c0,0,0,6100
other,Mx191c3060ca9d4def142ca3d46598e37ffc937996,0,0,1100
pool_default,Mxd3bfaaa5731c08baeb5e47e29b322ad91a7da449,99.96797283,0,1100
other,Mxc2b55e33d39eaeeda81a0e2b1d7ef95a09471526,0,0,1100
other,Mxcb92dfad8f87a88001491b717eefdd9bde30cfe6,0,0,1100
other,Mxbb98eabcb44e3afb16f7db3db9222ae5ce0ca06d,0,0,1100
other,Mx4f9546afce2755319dd643c19f565751097520a6,0,0,1100
pool_default,Mx2e1904f2d8f3259a3ef858b44bd1a8f06e9b8bfa,0,0,1100
other,Mxd9fb11eb387b8120ba8519e039b2e0cbf5cfd5ef,0,0,6100
other,Mxcaa0d9d715732c43363177411b44c3fbdf938acf,0,0,1100
pool_default,Mxd4cf67e3dc6ff3701fa1066670fda6e01041d4f1,138.979542191,27.7959084382,1100
other,Mxb29786dc771262f279e0b34dcd37ae326cfce12f,0,0,6100
other,Mxea133306d6259a907c23be609312d159fb103065,0,0,1200
other,Mx5b195353eeaafea7b14e92536153e559dcf4573e,0,0,1100
pool_default,Mxa249b106b37c3ef62b6dd071f52f0e5ef7aae15b,0,0,6100
pool_default,Mxca66e07d0509d9cb9b00dfcd9cd302200c32deb7,0,0,1100
other,Mx89a6f364d903502fc09abb9fb48477c73b22995c,0,0,1100
other,Mx027db494613acdb40c69d55f6f6c1b646ade6694,0,0,1100
pool_admin,Mx2a89a15e5be1cc9cfc8e6a28adcb2107e814bce0,33512.077,3351.2077,0
other,Mx7acca61e995bf9d1c431ecc8048c83450c5858cb,68.794,17.1985,1100
other,Mx2cb6da48513371655973281547fdf41569890241,0,0,1100
pool_default,Mx29abe78a07e75bba572f9e032053dd061eaa03d9,0,0,5000
other,Mxb45e3efaa2ca92f4d7cb8e632223609c57caa91a,0,0,1100
other,Mx67b4b1e502417fa900801e6fb6f90c4bef2a22cb,100,25,1100
pool_default,Mx8f3992829a2c1ba7799ee08b81c15e3e261a9562,0,0,6100
other,Mx981e708edb0e051ccf8f0906498fe274d7498c00,0,0,1100
other,Mx7096855dfe553b83bc770a13bf7a98209b5b40e5,0,0,1100
pool_default,Mxd006fb753be632d8cf68d68fed90f54a576ab1f7,0,489.725,6100
pool_default,Mx1e02495ff97f1a77d0c96c253570e38ce18f6ed0,0,2308.115,6100
pool_default,Mx96675e89152fbb6e199663a79886c023a71f2a8f,0,614.11,6100
other,Mx9d5000bb658e3cef426c3b5da1b13e2a708d218e,0,0,1100
pool_default,Mx73a6514894583d7404cac17ddda114c9d0ceefc9,0,0,6100
other,Mx10cdef5eea1ebcde67d2204c73c9ebb04b947311,1729.15362009,500.8439948878,6400
pool_default,Mx73a6514894583d7404cac17ddda114c9d0ceefc9,0,250.125375,0
pool_default,Mx94034889b0a78e51ce270db58fe794b998c7b728,0,4388.30475,1100
pool_default,Mx1d66e5961454a6341f891b0cae27702148c5a843,0,1618.90575,0
other,Mxdcbeec7d4175a81720b8970c11cd60833e629181,0,0,1100
pool_default,Mxbb9d4adb2841c6f57bf5112fe2cb0fdc5c2f5417,0,26.19045,6100
pool_default,Mxd6089c102accfd519c3a247fbf04f41cf4de9980,0,359.172,6100
other,Mx7e2bb1e222de64d67304244748076328a9a3a9e3,3330,832.5,1300
other,Mxa9e14f596134322830865644ecd78ef91358dfeb,0,0,1100
pool_default,Mxb96d9c1e952dde7de92a736e8f48ed4332c1051c,0,461.28625,6200
pool_default,Mx2e5673015d1cc1e45896f1d1918488c8681daa22,0,1250.00000325,1100
pool_default,Mx5d00118590a659e697b5a5172f443b7212092f96,0,0,6100
pool_default,Mx1f742b72478cbddc1f0067b5ea55d4e385278ce9,0,0,100
pool_default,Mx1e44bb7bc1c5e469ed1789d2dc84c25c98132e97,0,30.54676796,1100
other,Mx5897fb97511acedc2ce88a301b21a62a9601b7f6,0,0,6100
pool_default,Mxa4bdd984905a431e624877a43ccfdcff28e414ca,0,59.15625,0
pool_default,Mxa4bdd984905a431e624877a43ccfdcff28e414ca,0,0,1100
pool_default,Mx31c22f14a5dd7a57f6893b5bcf14f6877a482dfc,0,0,1100
other,Mxe1a9be2f8dd4594e7602d7d56ec6e5e5930302bb,0,0,1100
pool_admin,Mxe6732a97c6445edb0becf685dd92655bb4a1b838,17365268.599147414,3244141.55424539,6000
pool_default,Mxbec84d8e649b1bb4a4f9918a228ade3d0ba00de4,0,0,1100
pool_default,Mxcbaa3d6b9f148f65601e1aa2798827c9aebc1ca8,0,0,100
other,Mxe1a9be2f8dd4594e7602d7d56ec6e5e5930302bb,0,0,1100
other,Mxe1a9be2f8dd4594e7602d7d56ec6e5e5930302bb,0,0,1100
pool_default,Mxbec84d8e649b1bb4a4f9918a228ade3d0ba00de4,0,0,1100
pool_default,Mxbec84d8e649b1bb4a4f9918a228ade3d0ba00de4,0,0,1100
pool_default,Mxbec84d8e649b1bb4a4f9918a228ade3d0ba00de4,0,0,1100
pool_default,Mx65416fa18f3c3e1dbc70eb032ca3a53e85645315,0,9877.5,1100
pool_default,Mx6747a4ba3db5e373b6b4d219fa6060709cf8b977,0,213.30062,0
other,Mxc8cd3e03e6589cca50aaffb09012a0dab3721935,1000000,1250000,6100
other,Mx6747a4ba3db5e373b6b4d219fa6060709cf8b977,0,0,6100
other,Mxe1a9be2f8dd4594e7602d7d56ec6e5e5930302bb,0,0,6100
pool_default,Mxbec84d8e649b1bb4a4f9918a228ade3d0ba00de4,0,0,1100
pool_default,Mxbec84d8e649b1bb4a4f9918a228ade3d0ba00de4,0,0,1100
pool_default,Mxbec84d8e649b1bb4a4f9918a228ade3d0ba00de4,0,0,1100
pool_default,Mxbec84d8e649b1bb4a4f9918a228ade3d0ba00de4,0,0,1100
pool_default,Mxbec84d8e649b1bb4a4f9918a228ade3d0ba00de4,0,0,1100
pool_default,Mxbec84d8e649b1bb4a4f9918a228ade3d0ba00de4,0,0,1100
pool_default,Mxbec84d8e649b1bb4a4f9918a228ade3d0ba00de4,0,0,1100
pool_default,Mxbec84d8e649b1bb4a4f9918a228ade3d0ba00de4,0,295.8044,1700
other,Mxbaf44d495a06edef80ebf99892edac56e01c2504,0,0,1100
other,Mxb75ecf97deb5e484d1233fb138ed94c5039dd372,0,0,1100
pool_default,Mx62e2cc056ed2f5657e5ef74cafc276ddb1909b03,0,0,6100
pool_default,Mx739f8284b9007f255de81c2a2ee02a78181ccbd8,0,0,1100
pool_default,Mx55e289ebabdb92022fac6b52534bfb7c7f04041b,0,5868.625,5000
pool_default,Mx26ef53f6463d27cac6d830a3854d585dae852595,0,2500,1100
pool_default,Mxb8a1c51d4b1f700aee82bf3d2296a96299dbea6b,0,2347.8944,1100
pool_default,Mx37557d6d40e7c69c0910882587981921b366b0bc,0,40.304592,1200
pool_default,Mxf2202fdf698ad4138dc4d446f72b1c53317ffcd8,0,0,6100
pool_default,Mx34d1ec4be26181e1244ad2656dccd1f3826b6096,0,0,1100
pool_default,Mxfeea7e2ab82d6bab2f4b7e595587d91801a22d48,0,213.425,1100
other,Mxe21b345e36cf84363e8d4c2616dd726bbba36b99,0,0,1100
other,Mxd1a2751f518c9ca9ab67d467eb036987093c7a7f,0,0,1100
other,Mxd1a2751f518c9ca9ab67d467eb036987093c7a7f,0,0,1100
pool_default,Mxd1a2751f518c9ca9ab67d467eb036987093c7a7f,0,2.48624,1500
other,Mxd126c95e437a91025baf6568fa6f08606dd8744c,2000,400,1200
pool_default,Mx5eea674e84108b862b136cce12e3817ae38c2f6a,0,0,6100
pool_default,Mx325754210a504079df0891158a969be2a6eee777,0,6442.66505,0
other,Mx325754210a504079df0891158a969be2a6eee777,0,0,1100
pool_default,Mx2e25963f24a7f103726c2676231050165705d0c4,0,0,6100
pool_default,Mx3275c222a64b4aba58a3a35f0398a376f5ee2a19,0,0,1700
pool_default,Mx3275c222a64b4aba58a3a35f0398a376f5ee2a19,0,0,1100
other,Mx3cc172aab14886107f0658ff18ceaa1363c3d63f,0,0,1100
other,Mxea835fbe02d81bdc4900aa9062bcdf38e072392f,0,0,1100
other,Mx5780db939d7fb4ad3ec6fbf03d6bc6b96c45c686,0,0,1100
pool_default,Mx28892a936b1431c7d32e60bcb530b9c5b9c322ae,0,256.59375,0
other,Mx30b2c2ca418790a07efbd1b08d5fdad0ac201dc1,0,0,1100
other,Mx4479c1313a115fb703578dab44253f670a369b49,0,0,1100
other,Mx07b5399099987cecfe0a72720e7c85891af57c1c,0,0,1100
pool_default,Mx28892a936b1431c7d32e60bcb530b9c5b9c322ae,0,212.75,1100
other,Mx9979424c256d669ea7c5c7b62799daf7d7107f90,0,0,1100
pool_default,Mx28892a936b1431c7d32e60bcb530b9c5b9c322ae,0,255.3875,6100
other,Mx4e5119e7bce5455766e51b03de1d25263c3cbd91,0,0,1100
pool_default,Mx6cef43e6a00a1fbe6b162b946dd13245b4efe2e1,0,4400,6100
other,Mxc0e0941104142ba465cb1a6a68ae645c80b7f238,0,0,1100
other,Mx42d1d93fceca88a06cf3502fd9a8d4f84120b90c,0,0,1100
other,Mx337b59044d55187be2d8be160c3694ac4056537c,0,0,1100
other,Mx91db786159b502ff913298a8fb97a7fc8239af6e,0,0,1100
other,Mxfa20db59b24c140eb8852b4c0f49e99cbffecb2d,0,0,1100
pool_default,Mx5fc088e5c4a147b16a7b6598d7d894bbd08bd2f4,0,0.7661,1800
other,Mxfcb6a141af61a77e3d4d1dff02fc94907fd04e42,0,0,1100
other,Mxbc770958a80b530bffb02bada254bf88a72d1ac9,0,0,1100
other,Mx4a6cf61c376aaeaa8ec897cd28d013232ba704c1,0,0,1100
other,Mxce32161c4bee035aff3745dab10dadbb73dba16d,0,0,1100
pool_default,Mx4564928aeecbd70d3c693e06c1d10bb548d90ad0,0,0,5000
other,Mxce14c9ac96ab0174a7d48577c2aa7ca349d3fbdb,0,0,1100
pool_default,Mx4564928aeecbd70d3c693e06c1d10bb548d90ad0,0,440.275,1100
other,Mx9915826cd44cd4ee0e7fe1f7457116dc69ec4520,0,0,1100
other,Mx8f55520cbb2f2f3db00c049f1681bf6779871e7d,0,0,1100
other,Mx2dab29c45df539426f889b31e1913b9e27bc304c,0,0,100
pool_default,Mx4a4999fb7313c1ea654aaeda542453a4c91031bd,0,0,1100
other,Mx02e37517e7eaa4d72b544088f5d9fbec5210effd,0,0,1100
other,Mx7bc84b116f4f091cd63fa9d22e73dab8cdb1f561,0,0,1100
other,Mx09ee7d5362641b14ca1fd517ed7f56271031471c,0,0,1100
other,Mxd454d79362fee4eb70a786f43dd29137d0796d64,0,0,1200
other,Mx39183de37b843e0bbdc5231153eeb560e669551e,0,0,1100
other,Mx9751388470d540dbd83ba221b96520d65256bd5a,0,0,1100
other,Mx91af8142b5f10487744a59b6ff1512b99b5a9c75,0,0,1100
pool_default,Mx4d6cb2d36fece6e833c483fe188d9ee43e8f8dce,0,25017.5,6300
other,Mx0d25275a27d495337b108086dd085132cc9acd9a,0,0,1100
other,Mx9f513fedd89149774aab0ad32e1cde6367aaff5c,0,0,1100
other,Mx0ba4583164587cf58e749effc1bec5e894da106b,0,0,1100
other,Mx28a784c4a7cdc6ce0fe9a3d41b6c18b6cf43bb0d,0,0,1100
other,Mx440fd3a6e8a459035e8a6655e31369b2e371ff33,0,0,1100
other,Mx6089b8819d97a85ca04126c344b395c344d341c7,0,0,1100
other,Mx9de0cfe133355d93f986c9b5f4def1b509a91e22,0,0,1100
other,Mxf1010d1489e7f73769d1613d00ec15317bbd2fc7,0,0,1100
other,Mx9a2ae8abb3a3b14e2a9825fe1ae57ba991ac9712,0,0,1100
other,Mx21cd385f9872944713a0cd8561a834031dc5839d,0,0,1100
other,Mxdd7141632ce46ebbc6e21d213bd38d68b1280912,0,0,1100
other,Mxaebd8994fdd9285b2cdd198ddcf1a7196dafecf9,0,0,1100
other,Mxedc99dfb338312a1e6499838c1b8ddd13af0d116,0,0,1100
other,Mx0d061febde1b0344f756a26198e5a3cf3a7a9728,0,0,1100
other,Mx79aadf4a9279b31e03f3d4295c25970e773ad2a0,0,0,1100
pool_default,Mx38ea31ac404cad0f84584a1f6cd0c92da5ed1a32,0,193.4266,1100
other,Mxee1ebc2e30565d45ff3263290b0b28f5c1ac76f4,0,0,1100
other,Mx600fbb804fee1900410c5248dfc41180d86e3a30,0,0,1100
other,Mxcbd069f19b42509aefedfab38d0db60f8146df93,0,0,1100
other,Mx2383cba6e395220deb3a1c7a93b48ff03c82c986,412.812,99.318,1100
other,Mxe07ee2ab44ae49df30aad86b6817607991e3fa0b,0,0,1100
pool_default,Mx97785f654fefe9890c7b0648540b7574dabdfd50,0,0,1100
other,Mx280d349247cd69976beffbcf91f90d72d1916498,0,0,1100
pool_default,Mxd1d54f979192737929d70cefeff32b17e236720a,0,0,1100
pool_default,Mxca5f1af3b344228e09b53a300a43969a56e8e25f,0,0,1100
pool_default,Mxd6c0e0e8381292c312da859cd0c462d3cbe4a25d,0,1169.3626,1100
other,Mx25f84cef43f9f591774f6517fe0baa267cd28215,0,0,1200
pool_default,Mxdbfa55fec192328c1cf94f1451ce5dcf212d1a0d,0,58.97225,1200
pool_default,Mx0f3ad3e6a753d5710d0106d18a5692a675ea4996,0,0,6100
other,Mx129df54094bfbb5c7fb5ecbd009f507584af01a6,0,0,6100
pool_default,Mxce34ca3224860391089e28162c0553e8146a1d50,0,0,1100
pool_default,Mx68937b1ef36781614cd687dcf931184fdeddf626,0,2500,1100
other,Mx0bf7509dcd29033d2740c7d822a535e16c31ad8f,0,0,3000
pool_default,Mxaafb0b170f9b39799823d54c67c464b8015ebb96,0,0,100
other,Mx4a8a436cd825ebf4950df117f207702a2335c868,0,0,6100
pool_default,Mx75048df1357061eb9e31e0dc81af33ffa8b10f86,0,0,1100
pool_default,Mx22f81f06ca34ad36e458acde2a40c9853251df7f,0,0,1100
pool_default,Mxd1927c8acfb7d507bd7ec8645bc5c1b641b4202f,0,0,6100
other,Mxff8bde67afd93e42ba0b0fd1a7a2f21161774451,0,0,1100
other,Mx047f988aa8103febf7dede00b8b9789530e6017c,0,0,1100
pool_default,Mxdf31c0a281fe00e2a5dcdc13beb99c2ef665dadb,0,0,6100
other,Mx9b11d6132099c75f1fbab4776fc8a3aa8197786b,0,0,1100
other,Mx8f388925ab5b84053f75b4c78f8e7c2c5bcc2a6e,0,0,1100
pool_default,Mx0d4b06d7f9ba0d10de297ffc4caaf6b340d53335,0,25201.2915,6100
pool_default,Mx6a2eeedf797a92731b9dec5487c7b03c18ab61f7,0,0,6100
pool_default,Mxd74e57125298f62536faad2754fb63e94af90952,0,1881.61832656,1100
pool_default,Mxd53b225df7464d6619f32990b9abe5b73a9128f8,0,870.793928864,6100
pool_default,Mx5b806a5206a0a61ea58fec5e9f3377217fe48464,0,0,100
other,Mx8c3fa473fc08f03e5da8214e66b0cef19f3d6cd8,0,0,5000
pool_default,Mx8c3fa473fc08f03e5da8214e66b0cef19f3d6cd8,0,2116.778094321,1100
other,Mx2a8994741b50921f32ec307729f7fc0cbca7e862,0,0,100
other,Mx38c49a8252d32bbca0d0d9f8014686c57fd41e8b,0,0,1100
pool_default,Mxddd4ff9b4b795936156f59349a2ce048dd3690e1,0,0,6100
pool_default,Mxddd4ff9b4b795936156f59349a2ce048dd3690e1,0,250,0
other,Mx43bde223c8821724e14ecaba2b80b157ad4a56f6,1505261.154375921,1881576.44296988,6100
other,Mx38c49a8252d32bbca0d0d9f8014686c57fd41e8b,3520.6,880.15,0
pool_default,Mx1ddf11baaf6e169949a903cb199487a104cdf167,0,0,1100
other,Mxd5058821075404c4cd4af5680e61a37f8a31b86a,0,0,1100
pool_default,Mxd5058821075404c4cd4af5680e61a37f8a31b86a,0,4000,0
other,Mx8d1c63bf1fcef9c140764461361a9e8473c2c2bc,0,0,1100
pool_default,Mx8d1c63bf1fcef9c140764461361a9e8473c2c2bc,0,1831.7834394975,0
other,Mxe059334c5c98dd01b5a3e8da2b7f9e36f2a41379,1015827.877095384,1269784.84636925,6300
other,Mx3f4c8d0fc7f24877b1e682bf519fddfe06517ea4,55932.32456365,11319.7304409125,1100
other,Mx4459bc283c35bf1a269c6587d1b11d9e5441223a,0,0,1100
other,Mx1f1265da79cd4a36451c95450e483f2912c1063e,0,0,1100
pool_default,Mxfdadf1e8913cd92a31154de057267fedfb78e32d,0,0,1100
pool_default,Mxafdc2a6af66be28ed93b0453cce1ce06d9e6aab0,0,0,1100
pool_default,Mxfdadf1e8913cd92a31154de057267fedfb78e32d,0,0,5000
pool_default,Mx8cdf3ac2d33c1e11b8e08d048c5dbbc2cda5179d,0,0,6100
pool_default,Mx37d4b10b81239dc5ed6e52334d7ca4e39269db5f,0,0,6100
other,Mxde1783ec6bb3e58401ed881a4480f619052290b5,1443.4,360.85,6100
other,Mxc1677dadb2262348409228be722940aa60e28c9b,0,0,100
pool_default,Mx37d4b10b81239dc5ed6e52334d7ca4e39269db5f,0,1279590.0625,5000
pool_default,Mx37d4b10b81239dc5ed6e52334d7ca4e39269db5f,0,0.5,6100
pool_default,Mx9be93c33c95932b4f149e69041fccbfd3cb7bd87,0,0,6100
pool_default,Mxa44773ea7ff02b89659d0c6173d67e46dd9e2a8d,0,2160.85275,6100
pool_default,Mx1010c456291b50529e36e79b78aa785d6b9a2f8f,0,0,6100
pool_default,Mx6c689f6c6e2692e34a286c4d2c7acfd9bb7576d0,0,0,6200
pool_default,Mxb84ff8b24e71b3ae5799308b9ec228d6d0460661,0,0,1100
other,Mx529589c681e669b8ecd7e70b7717a6d18aee33cb,0,0,6100
pool_default,Mx529589c681e669b8ecd7e70b7717a6d18aee33cb,0,0,5000
pool_default,Mx86dc14c477683a6eee85842ddc91c60380dfd514,0,0,1100
pool_default,Mx2958c39ea42b2868218f6058794a772178bfa88b,0,374.66768751457,6300
pool_default,Mx70d29a24a30f96113f62f1c18aad2dbb16285aaf,0,685.779475595,0
pool_default,Mx70d29a24a30f96113f62f1c18aad2dbb16285aaf,0,0,1100
pool_default,Mxc6963e8dc27f5d39457c9d229161420e36835b43,0,3878,0
pool_default,Mx3b8250fc7763b77ff0eac380c4a5bbce096471d7,0,2721.27925,0
pool_default,Mxd48c4b3e28c7e1387c134bc40fa81524e9872294,0,567.5,6100
other,Mxf1721376157f04f34611015492335e0669e383eb,339.8,84.95,1100
other,Mx21129653705e1c87f69840979cde6bd3914dcec2,0,0,1100
pool_default,Mxf8f19cea9e584042a8e750f8b76ffd2db99115d9,0,0,6100
pool_default,Mxfba80abf43b5753dc64d33ce2131793548426105,0,0,100
pool_default,Mxebba8b26a9ba28c9070ecba55b114f05aef84eac,0,691.201797283,1100
pool_default,Mx4e54faf70501b6067077399015483979623818e9,0,150.7175998612,0
other,Mxce2c1030fca2cc4e996fce42f622097a7544d63a,50000,12500,1200
other,Mxd2dd7f029dce117ebced095bdec991249299f3eb,0,0,100
pool_default,Mx4a944ff63d6b2c0de22b10246e2f7ff07035bec9,0,0,1100
pool_default,Mx4a944ff63d6b2c0de22b10246e2f7ff07035bec9,0,56.9214260155,0
pool_default,Mxabcec392f64186deaece3b66c85f9d4ab8b1fd22,0,0,1100
pool_default,Mx600bd25ec52e2d579ff5e6b7325de26b1a30efa2,0,29.721,1100
pool_default,Mxc047216143cae440548f247d89a7fcc6634cdd2f,0,1000,1100
pool_default,Mxacf8c0975f66b87ca529d43c27df41c0e695e5c3,0,409.072678275,1100
pool_default,Mx2641ef92e86e90b4e6bc6fa398028d00f594da56,0,783.6,1100
other,Mx12bac7d4682058983d41466f21193eb7d259c77b,0,0,1100
other,Mx570e2083ab9ee0907411a8deff9c75cc34242452,3766,0,100
other,Mxd6d8e862c95927b61e7d78dada0d0a4134a90f02,360.20336,90.05084,1100
other,Mx9f96538d53e11efff099cf72d11ae820e028a9b0,1160.024,290.006,1100
pool_default,Mx6133c026a63ce5e5b4940833387fe14d1ea05ee1,0,93.573,1100
other,Mxdce8bbfff50df00e5eb2dcaf5b3842d7b180fe02,0,0,100
other,Mx968aeaa26ffa58fab79c20c5b031e20242a32a01,725.394766776,181.348691694,1100
pool_default,Mxc247e7738bdea91587bf576e25601dfa5a3169c3,0,0,6100
pool_default,Mx08f798315b85f87453b0a23c70b4d5f812de9a6a,0,2446.025,0
pool_default,Mx08f798315b85f87453b0a23c70b4d5f812de9a6a,0,1461,0
pool_default,Mx08f798315b85f87453b0a23c70b4d5f812de9a6a,0,3395.5045,0
pool_default,Mx08f798315b85f87453b0a23c70b4d5f812de9a6a,0,0,1100
other,Mx3be5571b68a3dbd2feb18cf6fd8b39abb535abbc,2000,450,1200
pool_default,Mx08f798315b85f87453b0a23c70b4d5f812de9a6a,0,7305.18275,0
other,Mx08f798315b85f87453b0a23c70b4d5f812de9a6a,0,0,6100
other,Mxde4144f41a24766f943bdf90f334bba544adfcf4,0,0,1100
other,Mx19bef2606686cbdcf05889605d498f2b20fbabc8,0,0,1100
pool_default,Mxfb81970b28459b6855ba50aa6592bda05b73b585,0,0,1200
pool_default,Mxe70263e507b78268644405a51d2c302276983d55,0,212.064578612,6100
pool_default,Mx14b19adc501f55685fd62284eda0e2df999ea228,0,0,1100
other,Mxf4087e268884cf85c3bdedc707bfb607fb49ba98,0,0,1100
other,Mxee03311dd67ae8f33a5bf1514693f79f6a2f4399,0,0,1100
other,Mx85b603eeb966996f9b13e8afd27a424ffb45edbe,0,0,1100
other,Mxb7c70418419ba41778022ee320a976100765b1dc,0,0,1700
pool_default,Mx0564fe5b5b60e2c62774a701db3d3f73ae8e09d3,0,851.977028605,1100
pool_default,Mx0564fe5b5b60e2c62774a701db3d3f73ae8e09d3,0,890.1463992525,0
other,Mx61de4600598076386f7ce51093ccef0831058b33,0,0,100
pool_default,Mx5d200aebddc488727e24382ed25adcb8470573ee,0,0,6100
other,Mx7d97ca12753164274835f7f06c76c638aae5239a,0,0,1100
pool_default,Mx9e10e2d9e9b5c9d2f55fa82ad3b5371478f9f466,0,0,100
pool_default,Mxa49cd7a02a738b3f79e5b24b4a5ea46d5ca0786e,0,632.7,6100
other,Mx0a547a51d5752711f94b47816beb9ef6ade62ee1,0,0,1100
other,Mx6f4da1da6b1f3e9cc8aa551bd8b759a15e62af02,0,0,1100
pool_default,Mx047502b6083854b7e23cbd2c7292693a48e59df8,0,0,1100
other,Mx67ca68c8d414ee29e16904ba8fe541a1b8a27651,0,0,1100
pool_default,Mx770b84cf5abdd41d5f0e0e39a417676c4d3289bb,0,0,100
other,Mx7f4bf77980bd2379f49a065cab68dfc195632026,0,0,1200
pool_default,Mx0a1ab83cb7f22bea2588105b039b6da179a9788b,0,1033.7496554107,1100
other,Mx57f4e12b030c9edbc2e7f423043f05aa9af2812e,0,0,100
pool_default,Mxaf729c6e142d1bf9804be755504b8ee92905e735,0,78.39,6100
pool_default,Mx364760d5734999ba3a3ba8e6eb9d55bc2be48158,0,972.9898182726,1300
pool_default,Mxaf729c6e142d1bf9804be755504b8ee92905e735,0,8.5384767,0
other,Mx4ea252d237537126e02db0d48b23f7a48b6a7c9e,761598,0,1100
pool_default,Mxd3831ddd338a8ede8f07f8847bccb70240dc5e38,0,363.99601095625,5000
other,Mx92da39557458d87e889dcaf19fb1185823651adf,0,0,1100
pool_default,Mx36fac9f5fa2b4c1d90ab29b3da6d77eeb58db66a,0,0,100
pool_default,Mxd3831ddd338a8ede8f07f8847bccb70240dc5e38,0,0,5000
pool_default,Mx5505f59922b452cb69587c93b5e52f8d0464f622,0,252.3341998485,6100
pool_default,Mxd3831ddd338a8ede8f07f8847bccb70240dc5e38,0,776.75,6100
pool_default,Mx8774eef8cebbf97dfe11ba60b4222ea1978bf8b7,0,0,1100
pool_default,Mx02d9b9d3cb7e2103bff1b7f0786af94a9ed09ea9,0,3307.5,6100
pool_default,Mx069cf67157821fbceaeb0110cc25d8a4cc6fcf13,0,0,100
pool_default,Mxd9e4f357262d6ef0fbda7977333f2e1563a9598a,0,0,1100
other,Mxfc077fa17ea37ca4f8740ef723f852faf61b39a1,0,0,1100
pool_default,Mx58d042169ab48bae1f6e8706341c90f5b1f67cd6,0,250,6100
pool_default,Mxd5e163ee0f91fdb74c7fc5885b432531aa7b49be,0,2500,1100
pool_default,Mx115bd07de5af36c94f3d7965b749a2b78ec4afc5,0,0,6200
other,Mxfc077fa17ea37ca4f8740ef723f852faf61b39a1,0,0,1100
other,Mxfc077fa17ea37ca4f8740ef723f852faf61b39a1,0,0,2200
pool_default,Mx151c1c4b668129e6b7ac25e565c7bf450467de62,0,0,6100
other,Mx201018f029b32b8e0dbe1cbee9b9efb9216c6316,0,0,1200
other,Mxe7bd2faef18461df4a9270b610a5c52417e3a478,4658.333,967.88785,6200
pool_default,Mx83db359b20e26c3dad83a9b571e418f9f28466f0,0,0,1100
pool_admin,Mx7c615633f2067acd8b58a457833474dcdda5593b,998134.541493743,202331.47562904,5000
pool_default,Mxaefcd25409730463ee3ef8a7fe464b9aa861580a,0,9511.3703277592,1100
pool_default,Mx765368ac0139279f7dc809b9a389fca48f46b093,0,2026.25025,1100
other,Mx01416e96ae27b0e40575d313ef8346c01bb574fb,0,0,1100
pool_default,Mx14bf8ee353733572206e2cc7cc7a0a4e707dfa79,0,0,6100
other,Mxbf81b4c68be5d974d5e2410633486cf66a22edd3,0,0,6100
other,Mxba67c4e3606ecfd67745b5b729d0f38962a5d1e6,0,0,1200
other,Mx4380111c6fb8390c7c03565caa13c1a1a3775e10,1478.02,369.505,1100
other,Mx27371830a883a7e65d84793ad5987237d48a49c7,0,0,1200
pool_default,Mx05e499242b82dc2270338ed3e45170e65869c14b,0,194.057446572,1400
pool_default,Mx2475ccc61e82337a10bd0b0720db4eaa48fbc0fe,0,0,6100
pool_default,Mx47dbbd44083704bae3a879d500c54b2025d2e758,5465.470800031,1308.2846078755,1100
pool_default,Mxd628572bd4edb7d99d34f21017c603164a1a99bd,0,14.8304,6100
pool_default,Mx5aa93b31c20f981350c3b90df0fffa38e40cbcf5,0,0,1100
pool_default,Mxd3d428edd4a37b219d1b8a507a24238af7128e61,0,0,1100
pool_default,Mx202469390e8b1ecc1fd92d8111d60d9a3bf4a1e2,0,0,6100
pool_default,Mx73a08bf56eba3409d78f05d41252839deea7bdd4,0,745.672,6100
pool_default,Mx66507c4055bfb1a823c509ec2f895067b89cb86a,0,2212.5,6100
other,Mxfe5e2b28439b6023a7ea292c09676e52d1b9e91a,0,0,1100
other,Mx997954598dd9822fbd3fa4da8eb88fed35dae34c,0,0,1100
other,Mx5cbc22d706118a64d810447088344b0df24f033c,0,0,1100
pool_default,Mxde2e3aac072e338c07c8e8ee3cd34347d3034068,0,5000,1100
pool_default,Mxf7e69737f288bc5613de9a1a0a0e93305052c70a,0,1733.938125,0
pool_default,Mx077f24d21fdd5bd989e26ec8b75f378d406ab66c,0,0,6100
pool_default,Mxe39f5264cab05bd60833fa93b949a493a0b2c3be,0,0,5000
pool_default,Mx332ecb7bfe4c936fb79175e71313a46a24238080,0,136.16775,1100
other,Mxe39f5264cab05bd60833fa93b949a493a0b2c3be,0,0,1100
other,Mx20a3ad887532ea4d48b1d28b25a3e631d2d8345e,47.5124627037,11.878115675925,1100
pool_default,Mxf727d169788545143711861e9e54dfabdfbf9555,0,0,1100
other,Mxebd11e1cef852c69fded495cdcd36ffd427a932c,0,0,1100
pool_default,Mxf7e69737f288bc5613de9a1a0a0e93305052c70a,0,0,6100
pool_default,Mx1ed36dcac23c03ea30f7c6bc78f1307d2a74c22c,0,0,1100
pool_default,Mx6b0c82f892dac03f2bcdc06b64b7e53ec65cf448,0,266.532927015,6100
pool_default,Mx243e7a0bb597d55046affec8df1439ad5b739514,0,2.5,1100
pool_default,Mx393f353722f5035a5e35ab2de92c7169cbabf523,0,0,6100
pool_default,Mx3b8250fc7763b77ff0eac380c4a5bbce096471d7,0,0,1100
pool_default,Mxa4361ef21c011cc30da58d143728b582628e1e41,0,31676.47,6100
other,Mxe772a845b796e00d3e24e17a4099f570a6f999aa,0,0,1100
pool_default,Mx6b0c82f892dac03f2bcdc06b64b7e53ec65cf448,0,0,6100
pool_default,Mxc2c3bcf25323e48d858473f73e6374555d975932,0,279.31025,0
other,Mx33163e6864db8dc4534c4d359d01b4e1324e9965,0,0,1100
pool_default,Mx0f27527c160b91e9e7ffbdcba245dfd4e726df9e,0,611.7965,1100
pool_default,Mxc2c3bcf25323e48d858473f73e6374555d975932,0,271.084,0
pool_default,Mxbc4fd89edfed799da2b3ca4b9f1945341ebccd97,0,250,6100
pool_default,Mxa2d4d631b63bda55b6e8f671845f2e65472891f3,0,546.899264207,0
pool_default,Mx899f1b815d46fe9f83c44d33a49d6b36e54e8ba0,0,426.564,1100
other,Mx855c7b5dde2fc2b3d2c35524eb2b3ba258b51285,0,0,6100
pool_default,Mxc5e816c92e9384f6a06d4eb3089454013a8eca35,0,1181.55724,1100
pool_default,Mxa2d4d631b63bda55b6e8f671845f2e65472891f3,0,1313.84252044,6200
other,Mxc2c3bcf25323e48d858473f73e6374555d975932,0,0,6100
pool_default,Mx9fdb7b7f4ad27a790c0c4a8790437b113d1bf716,0,9396.4209558726,6100
pool_default,Mx49f6bb87b52e3e0a5988e312320bd6bf9f712682,0,837.69012268891,1100
other,Mxe772a845b796e00d3e24e17a4099f570a6f999aa,0,0,1100
pool_default,Mx49f6bb87b52e3e0a5988e312320bd6bf9f712682,0,106.6824675934,1200
pool_default,Mx18ad07c5777584bdb0575a41ed34f8b283ce05c6,0,0,1100
pool_default,Mx2c3f7037307b6abddabc79b44d9fee208b57423c,0,0,1100
pool_default,Mx1fcbcb8f4cbf069887c4813f23d8b581453352f5,0,112.9884,6300
pool_default,Mx2c3f7037307b6abddabc79b44d9fee208b57423c,0,0,5000
pool_default,Mx071ce59e7f58269ee7ac1ef8cb72c75453ceabbf,0,5525.248376,1200
pool_default,Mx9ca695992633959c6a0cd5cf595beb2516d08aea,0,0,1100
other,Mxbc0ba8bb782acb55ff7f02aa22fac0b65277b468,0,0,6100
pool_default,Mxbc0ba8bb782acb55ff7f02aa22fac0b65277b468,0,43.011767575,0
pool_default,Mxbc0ba8bb782acb55ff7f02aa22fac0b65277b468,0,226.36479090075,5000
pool_default,Mxd402f6ce43d81cb05db90327dd209add57c0b9e1,0,174.511,0
pool_default,Mx11285cce062cfd2bfe6315d032c841443a83f370,0,1865.0093255002,1100
pool_default,Mxd402f6ce43d81cb05db90327dd209add57c0b9e1,0,0,6100
other,Mxe463f6ba143b34ade412933585f3c954caee970e,0,0,1100
pool_default,Mx944bb7a398abe8661b8d073962dd9be08af90de2,0,0,1100
pool_default,Mxbc0ba8bb782acb55ff7f02aa22fac0b65277b468,0,1198.9545645098,1100
other,Mxe204a0882b858e56cc806539dcea6a9579eadca2,0,0,1100
other,Mxe1f511831bf2061242a6a704bdcf77e0243115e9,0,0,1100
pool_default,Mx45b389f865e83095052142a54743d5ed48d5c80b,0,1312500,6100
pool_default,Mxd983acac235b11932de9627017f8f0cc60034717,0,250,6100
pool_default,Mxd5bc2a46763b767c179cfc3c86275713cfb0b7dc,0,0,6100
other,Mxddc8d2365e03475c8a25ffa9ecd55d36d43ea307,0,0,6200
pool_default,Mxdd5c35a0a406b1571411910dac92377590761d15,0,7.4645,1200
pool_default,Mxa37ff1a0da7e823ebbd97853a93a94068988b4f1,0,0,6100
pool_default,Mx602cc5818ea572ce1be2ad5e6c841a44b3fd8683,0,400.2124658196,1100
pool_default,Mxddc8d2365e03475c8a25ffa9ecd55d36d43ea307,0,1250.64,0
pool_default,Mxc00011d14c10765d80c6c10e79ccebd20d7a9ac4,0,0,1100
other,Mx761e86f34ca2505fc438cc62eeef591cb5022296,0,0,1200
pool_default,Mx6a43c03ca47b1d5e470e9a8da0d186ce352a146e,0,2276.88855,1100
pool_default,Mx90d83c0644fb76c33f25454e1cc5f34bebbd43fd,0,25000,6100
pool_default,Mx2e2e26b87cf1f51df63c0ba8337247f188a2688c,0,0,1100
pool_default,Mx43961b82cce76db873126ff66b51c9f92c777ea6,0,700,1100
other,Mxb71b43a0469f8619534d02cec1b47ba87cd00162,0,0,6100
pool_default,Mxb0bdfa9aa7512a87da4dcbc44b2391cca5f89e8b,0,404.144925,6100
pool_default,Mxaf1c30f362fbe956ee430404685afa17e3bcc053,0,86.0302,1100
other,Mx2ddc9731c9cd30344b60df98026c5d71f77e1794,0,0,6100
pool_default,Mxfaf90546fc387c7c60fc10c8d5a53c5816149d9d,0,0,5000
pool_default,Mxdbb6b7891021790563710ada3d9fd1eefa2f322c,0,29.84425,1100
pool_default,Mx1f7c9cbcbd6589fd87783eceb6342c2c325bff4a,0,131.86575,6100
pool_default,Mx327193932f455158b61c563794925c10876f2834,0,930.77269756352,1100
pool_default,Mx327193932f455158b61c563794925c10876f2834,0,79.285,1100
pool_default,Mx327193932f455158b61c563794925c10876f2834,0,395,0
pool_default,Mx327193932f455158b61c563794925c10876f2834,0,854.575,6300
pool_default,Mxe19c81484c5ec280b47de91cdb6ae18e4bdc29bf,0,4075.37525,6100
pool_default,Mxfaf90546fc387c7c60fc10c8d5a53c5816149d9d,0,60005,1100
pool_default,Mx97c3257a967d17d4291f61001ac2d362a7b93c3d,0,112.974510416,1200
pool_default,Mx347783bc9844d420665b9d08ff655e2ecdf908f9,0,24.870599276,0
pool_default,Mx327193932f455158b61c563794925c10876f2834,0,0,5000
pool_default,Mx5a9d9b959f24b27c00a22ed3f7123df67a15ac2e,0,5000,6100
pool_default,Mx5c452cb6b096cbe0b61d9acefdf420652c622cae,0,25012.25025,6100
pool_default,Mx347783bc9844d420665b9d08ff655e2ecdf908f9,0,24.955175007,0
other,Mx347783bc9844d420665b9d08ff655e2ecdf908f9,0,0,6100
pool_default,Mx9b01151fd2aa9c82ae297dfbeaeebcf09b5dc462,0,2141.12425,1100
pool_default,Mx4f16aa9010c1fc34d1658677a694ee424084820d,0,0,6100
other,Mxd9709d332a71251346f9b500e10eb2ab0c14ac65,0,0,1100
pool_default,Mx25f1584327873f1513b15a708b38598fc267bed7,0,0,6100
pool_default,Mxef4f042fa64b699fef1207ea3f1acf6c0f0e5162,0,330.63999137,1100
pool_default,Mx67e0a4dac5d25d4727dcae9ca1975b74c3de7c84,0,3331560.790641823,6200
other,Mx00ce33db4c31bd2f3f446e21473d1a68cf64f8a8,1000,250,1100
other,Mx616a6d1918789f38e8631ca3539ce1eac1ff1bd6,0,0,1100
pool_default,Mxce7a131bd295e065b910c6a6fafe9fd51e09da5f,0,0,1100
pool_default,Mx272a74d4c5838ecd7eb9f0568795bd384ef19b85,0,230.4508,6200
pool_default,Mx05fe40e3207305ef45349614ac6004cbc19dca49,0,0,5000
pool_default,Mxd9e4f357262d6ef0fbda7977333f2e1563a9598a,0,6000,1100
pool_admin,Mx05fe40e3207305ef45349614ac6004cbc19dca49,803817.797573022,87565.387007302,0
other,Mxa745cab6814aef509bd85bccf30ba0d5fad063d3,0,0,1100
other,Mxa0e1c038dea3dc5970a3dcf30be0b2d85e4d1759,1001256.64,1251570.8,6100
pool_default,Mxd59d7e5ac2aaaeca3a5cf891a77eb360cc3b899a,0,0,1100
pool_default,Mxaef6c1d3621e47e825d46a4c038c4112bc697aaf,0,299.99999808,1400
pool_default,Mx616a6d1918789f38e8631ca3539ce1eac1ff1bd6,0,7.492275,1200